Network,Cluster,DistanceToCentroid
example_8000,0,0.0707773633544778
graph_1k_14k,1,0.011165286758280728
p_05,1,0.024867897826045853
p_10,4,0.013843523582679993
p_07,4,0.027283178003633484
graph_1k_50k,4,0.014092880625194265
geo1k_20k,3,0.02137528819461827
geo1k_25k,3,0.024733158621608915
example_5000,0,0.0707773633544773
geo1k_4k,3,0.04574430147232985
ba_1k_2k,2,1.4901161193847656e-08
p_09,4,0.0007206698760378624
ba_1k_6k,5,0.0
graph_1k_5k,1,0.027591796355567463
